,mean depth,length,gender
wes001,41.1978021978022,91,M
wes002,72.31868131868131,91,F
wes003,43.824175824175825,91,F
wes004,132.02197802197801,91,F
wes005,24.47252747252747,91,M
wes006,42.505494505494504,91,F
wes007,58.45054945054945,91,F
wes008,64.38461538461539,91,F
wes009,33.0989010989011,91,M
wes010,53.7032967032967,91,F
wes011,60.54945054945055,91,F
